timestamp,open,high,low,close,volume
1777866300,24063.55,24245.85,24061.85,24177.05,35124805
1777866600,24178.9,24214.7,24164.1,24179.65,13296881
1777866900,24179.65,24220.4,24179.65,24214.55,8096527
1777867200,24215.6,24235.0,24181.05,24229.5,8346159
1777867500,24229.2,24269.45,24229.2,24261.0,7638493
1777867800,24262.05,24290.2,24259.95,24276.65,8265548
1777868100,24279.25,24283.8,24265.95,24269.35,5981464
1777868400,24270.15,24272.6,24225.25,24232.15,6724509
1777868700,24234.15,24248.1,24229.55,24246.2,4876175
1777869000,24247.25,24259.75,24215.05,24223.95,5455822
1777869300,24224.0,24246.25,24221.9,24223.6,6554205
1777869600,24224.55,24230.05,24172.45,24175.2,5564559
1777869900,24175.3,24190.4,24164.65,24174.7,4714987
1777870200,24172.6,24180.85,24142.8,24151.4,5053497
1777870500,24153.9,24196.85,24150.2,24196.65,3951370
1777870800,24197.5,24223.35,24172.2,24186.7,4903150
1777871100,24186.8,24217.35,24184.2,24213.5,3646802
1777871400,24213.65,24222.2,24206.65,24219.15,3434863
1777871700,24219.3,24240.65,24213.45,24232.35,3557271
1777872000,24231.9,24237.1,24215.45,24220.3,3139339
1777872300,24220.05,24221.65,24186.2,24187.25,3474545
1777872600,24188.3,24205.9,24175.65,24202.65,4115756
1777872900,24203.2,24216.1,24194.35,24206.55,3707337
1777873200,24207.05,24227.8,24204.65,24227.25,4543359
1777873500,24227.5,24242.25,24226.45,24229.85,16084266
1777873800,24230.2,24238.6,24224.8,24233.2,4979934
1777874100,24233.4,24239.05,24224.1,24237.4,4623747
1777874400,24237.3,24241.2,24225.05,24231.0,4752687
1777874700,24232.4,24242.8,24218.55,24237.7,4827792
1777875000,24237.95,24238.4,24221.75,24228.45,4827315
1777875300,24229.0,24249.15,24229.0,24239.25,3920127
1777875600,24239.35,24244.05,24220.65,24223.3,4431198
1777875900,24224.9,24227.45,24212.9,24221.05,3888517
1777876200,24222.5,24229.9,24210.3,24213.15,3753510
1777876500,24212.45,24219.45,24190.85,24199.6,4065659
1777876800,24200.0,24200.95,24115.8,24117.0,6808480
1777877100,24117.35,24144.7,24106.5,24144.1,5001118
1777877400,24144.1,24154.1,24121.8,24135.75,3929177
1777877700,24136.1,24145.65,24127.2,24132.8,4587631
1777878000,24132.65,24134.65,24106.95,24107.95,3654394
1777878300,24107.95,24127.15,24106.05,24125.4,3819352
1777878600,24126.15,24133.55,24098.55,24100.55,4709638
1777878900,24100.95,24119.05,24083.6,24092.85,4374613
1777879200,24092.85,24118.65,24092.0,24108.25,3754385
1777879500,24108.7,24118.85,24101.55,24103.8,4918053
1777879800,24104.2,24106.35,24090.55,24101.75,3005666
1777880100,24101.55,24114.4,24096.85,24113.9,3106061
1777880400,24113.8,24121.35,24107.15,24109.1,2946367
1777880700,24109.05,24111.75,24079.45,24101.45,3431421
1777881000,24100.85,24102.6,24058.8,24070.75,4637212
1777881300,24072.15,24085.85,24024.7,24025.25,4097483
1777881600,24023.35,24038.75,24004.75,24019.8,4516384
1777881900,24019.0,24039.7,24007.55,24039.15,4442346
1777882200,24038.65,24090.65,24038.65,24086.8,3567487
1777882500,24087.0,24099.4,24080.4,24094.95,2944268
1777882800,24095.0,24108.9,24081.45,24086.0,2984973
1777883100,24086.45,24089.85,24050.4,24072.25,3377605
1777883400,24074.8,24080.3,24053.8,24068.85,3228551
1777883700,24069.15,24077.5,24060.05,24073.45,2751471
1777884000,24075.1,24111.6,24075.1,24103.75,4478134
1777884300,24105.0,24147.95,24102.7,24139.0,4831584
1777884600,24138.75,24149.7,24121.05,24126.55,3236810
1777884900,24126.0,24134.35,24113.25,24122.7,3361370
1777885200,24123.75,24131.95,24103.8,24112.15,4493447
1777885500,24110.9,24119.4,24101.65,24111.6,3963718
1777885800,24111.3,24113.6,24072.15,24096.0,5116250
1777886100,24096.15,24097.8,24072.15,24077.7,4320843
1777886400,24078.35,24099.55,24071.0,24096.7,4955266
1777886700,24098.05,24111.5,24078.4,24089.25,4164569
1777887000,24091.0,24106.35,24074.95,24098.0,7209196
1777887300,24100.6,24124.2,24096.25,24117.25,6213579
1777887600,24118.8,24135.05,24108.35,24123.25,8466852
1777887900,24125.05,24135.45,24115.0,24125.45,10208014
1777888200,24127.45,24134.6,24110.7,24111.7,12827974
1777888500,24116.85,24128.7,24110.2,24123.8,11110456
1777952700,24052.6,24072.1,23949.4,24064.2,13442615
1777953000,24062.05,24067.8,24024.15,24026.55,7018708
1777953300,24027.9,24031.6,23977.65,23992.05,5919801
1777953600,23990.6,24043.6,23988.1,24042.75,4167749
1777953900,24042.05,24060.55,24020.6,24022.15,4117213
1777954200,24022.0,24027.8,24000.9,24013.75,4680834
1777954500,24013.55,24041.55,24005.85,24036.05,4665468
1777954800,24036.55,24055.45,24023.75,24047.9,4292939
1777955100,24047.2,24054.85,24032.3,24043.05,4394771
1777955400,24042.55,24053.9,24001.75,24012.45,3990347
1777955700,24011.45,24015.0,23987.15,23994.6,3430380
1777956000,23997.05,24002.95,23978.5,23986.0,3922848
1777956300,23986.1,23987.25,23970.1,23986.95,4305440
1777956600,23987.3,23994.45,23967.15,23979.05,3169088
1777956900,23978.5,23980.3,23944.65,23954.4,3925332
1777957200,23952.2,23966.8,23938.1,23941.35,3746473
1777957500,23941.4,23947.45,23922.9,23941.35,3571231
1777957800,23941.2,23947.25,23932.0,23937.95,3586917
1777958100,23937.25,23950.3,23935.5,23947.0,4032100
1777958400,23946.0,23949.75,23920.1,23928.7,3053999
1777958700,23929.7,23930.8,23914.35,23925.95,3201611
1777959000,23925.15,23952.75,23913.55,23951.9,6907336
1777959300,23949.2,23950.85,23921.45,23926.8,5842954
1777959600,23927.45,23949.55,23926.15,23939.0,4624614
1777959900,23937.8,23961.55,23934.2,23935.05,3542086
1777960200,23934.25,23938.6,23924.35,23931.95,3563974
1777960500,23932.0,23940.15,23929.45,23935.15,3206360
1777960800,23935.3,23958.95,23933.75,23950.85,3329377
1777961100,23950.25,23966.75,23938.45,23939.95,4232439
1777961400,23940.25,23941.0,23916.05,23916.05,4244075
1777961700,23915.4,23919.2,23891.15,23904.4,3361215
1777962000,23902.7,23916.6,23886.2,23891.6,3322035
1777962300,23890.45,23899.25,23882.05,23888.95,2657335
1777962600,23888.15,23905.55,23888.15,23899.55,3954872
1777962900,23899.55,23926.25,23899.45,23919.6,4144141
1777963200,23919.0,23949.3,23919.0,23946.45,3152981
1777963500,23945.95,23956.5,23943.6,23954.75,2899706
1777963800,23954.6,23977.95,23950.15,23967.25,3284670
1777964100,23967.8,23974.25,23940.85,23943.2,3563292
1777964400,23943.9,23958.7,23933.8,23955.4,4564345
1777964700,23954.5,23973.2,23949.4,23961.95,5966718
1777965000,23962.5,23974.45,23951.25,23952.85,5518453
1777965300,23952.55,23983.7,23952.55,23978.1,4017763
1777965600,23977.6,23996.55,23977.6,23983.15,4328789
1777965900,23983.6,24014.25,23978.6,24011.9,3817189
1777966200,24012.6,24025.85,24010.65,24019.8,4831894
1777966500,24018.95,24075.45,24014.8,24065.8,6470205
1777966800,24066.35,24080.75,24052.45,24068.8,5883137
1777967100,24067.35,24081.7,24037.0,24040.4,8219371
1777967400,24041.7,24059.45,24031.95,24041.4,5136711
1777967700,24039.75,24048.4,24030.6,24039.95,3868165
1777968000,24041.4,24041.6,24016.65,24024.65,4695580
1777968300,24025.9,24047.55,24022.1,24037.75,3573831
1777968600,24037.1,24056.7,24033.1,24050.45,4567016
1777968900,24051.15,24062.15,24037.8,24045.8,3869683
1777969200,24045.55,24050.3,24020.5,24030.25,5193356
1777969500,24030.55,24054.5,24029.25,24038.1,5579506
1777969800,24035.85,24047.8,24022.35,24029.15,3326664
1777970100,24028.7,24033.25,24009.1,24016.3,3254121
1777970400,24016.0,24029.5,24002.15,24016.8,4002443
1777970700,24017.2,24042.15,24013.1,24037.15,3724714
1777971000,24037.2,24048.55,24026.3,24035.3,4356676
1777971300,24036.1,24061.0,24031.75,24058.3,3821839
1777971600,24059.3,24060.65,24028.3,24036.15,4625615
1777971900,24034.85,24045.9,24019.4,24034.65,5607603
1777972200,24034.55,24047.25,24023.7,24042.1,3442904
1777972500,24041.55,24045.8,24017.05,24024.3,4404910
1777972800,24024.15,24033.55,23999.6,24020.7,4830688
1777973100,24020.35,24028.9,24008.4,24010.8,3956141
1777973400,24011.9,24025.3,23999.8,24013.2,8182396
1777973700,24015.65,24036.45,23997.85,24031.6,10919098
1777974000,24033.2,24043.85,24019.5,24041.65,8517382
1777974300,24041.65,24052.8,24040.8,24050.45,8298470
1777974600,24051.6,24055.35,24039.35,24041.85,10337927
1777974900,24041.85,24059.7,24037.05,24052.15,9720996
1778039100,24171.0,24250.85,24164.55,24175.8,19832840
1778039400,24179.2,24201.95,24156.95,24185.2,8587896
1778039700,24185.2,24195.3,24164.95,24171.6,6158249
1778040000,24174.6,24185.25,24161.55,24162.75,6206810
1778040300,24163.75,24167.05,24150.75,24154.0,5422580
1778040600,24154.5,24155.4,24131.75,24138.45,4419118
1778040900,24139.85,24144.9,24133.45,24136.9,3957416
1778041200,24137.55,24152.3,24121.1,24152.1,4604387
1778041500,24152.75,24165.85,24138.9,24140.3,4183699
1778041800,24140.6,24140.6,24107.35,24110.15,3658913
1778042100,24110.45,24112.0,24096.5,24107.0,3082558
1778042400,24107.1,24141.6,24103.1,24137.3,3946293
1778042700,24137.0,24139.4,24121.75,24137.5,4786641
1778043000,24137.05,24155.4,24134.55,24141.85,4301896
1778043300,24141.5,24148.65,24136.15,24136.4,3782223
1778043600,24135.5,24144.0,24126.65,24128.8,4027283
1778043900,24126.65,24126.65,24111.9,24124.45,2746716
1778044200,24123.7,24150.15,24122.5,24142.85,2421972
1778044500,24142.75,24143.15,24126.25,24129.8,2530647
1778044800,24129.35,24130.5,24091.15,24095.8,4502541
1778045100,24095.7,24110.25,24092.4,24095.75,4038509
1778045400,24095.95,24104.65,24074.45,24074.5,3415608
1778045700,24075.55,24099.15,24073.2,24098.3,3267343
1778046000,24098.9,24098.9,24081.65,24089.3,2946869
1778046300,24089.15,24102.55,24085.1,24087.05,3485266
1778046600,24084.8,24101.6,24081.55,24089.2,2644271
1778046900,24089.0,24112.5,24086.6,24112.5,3256304
1778047200,24111.95,24117.35,24106.3,24107.7,4104463
1778047500,24108.2,24108.2,24069.45,24078.5,4468870
1778047800,24076.8,24100.3,24076.7,24096.8,3265538
1778048100,24097.1,24108.8,24090.6,24108.05,2273431
1778048400,24107.75,24109.35,24096.9,24108.8,3586732
1778048700,24108.55,24114.15,24095.5,24097.35,2849109
1778049000,24097.2,24099.75,24081.45,24090.9,2443345
1778049300,24091.05,24091.1,24075.35,24084.4,2483346
1778049600,24084.7,24086.95,24075.95,24082.8,2639533
1778049900,24081.75,24081.75,24061.0,24074.25,3563756
1778050200,24072.6,24073.45,24029.75,24043.95,4570694
1778050500,24043.55,24059.9,24039.35,24054.65,6586874
1778050800,24054.15,24055.5,24045.15,24049.9,2893460
1778051100,24049.9,24050.95,24033.2,24036.65,3382112
1778051400,24036.05,24043.45,24019.7,24022.3,3919265
1778051700,24022.0,24025.35,24005.95,24018.3,3846650
1778052000,24018.3,24023.45,23997.9,24011.6,3465822
1778052300,24011.0,24024.1,24009.8,24023.1,2943728
1778052600,24022.65,24023.5,23999.95,24002.1,3362173
1778052900,24000.95,24039.4,23999.65,24038.9,3323018
1778053200,24038.7,24044.15,24031.0,24040.65,3395099
1778053500,24039.9,24068.55,24036.3,24063.45,3593099
1778053800,24063.8,24085.8,24062.35,24081.1,3838633
1778054100,24078.95,24082.7,24070.6,24075.35,3578004
1778054400,24076.6,24093.0,24074.65,24086.35,4401946
1778054700,24086.9,24109.95,24084.15,24103.55,5833650
1778055000,24102.45,24108.1,24094.9,24100.9,3263188
1778055300,24099.25,24110.4,24094.15,24102.75,3146968
1778055600,24102.45,24115.95,24101.8,24111.25,5131665
1778055900,24112.05,24120.25,24101.9,24106.95,3466362
1778056200,24106.8,24117.1,24096.4,24109.5,3596411
1778056500,24108.3,24115.0,24103.75,24109.35,3268480
1778056800,24108.0,24133.35,24107.4,24133.35,3801121
1778057100,24134.05,24151.1,24133.4,24141.15,4153421
1778057400,24140.4,24255.65,24139.15,24250.5,14411491
1778057700,24252.05,24332.05,24252.05,24311.65,12920808
1778058000,24314.7,24334.4,24280.1,24306.75,9247584
1778058300,24306.8,24308.7,24277.9,24300.45,8841549
1778058600,24300.4,24337.8,24299.4,24334.35,8502046
1778058900,24334.65,24354.55,24320.8,24349.3,12299996
1778059200,24348.85,24356.5,24328.75,24332.1,10101746
1778059500,24333.4,24349.65,24324.65,24348.25,8435394
1778059800,24349.0,24353.8,24313.85,24342.15,14267066
1778060100,24342.7,24344.75,24314.05,24315.5,12643032
1778060400,24316.55,24330.95,24314.95,24321.35,13999752
1778060700,24321.75,24335.6,24317.05,24330.65,15194145
1778061000,24331.15,24331.15,24317.4,24329.05,16130404
1778061300,24330.7,24346.6,24325.6,24339.3,14165859
1778125500,24398.5,24423.35,24317.7,24318.25,23061735
1778125800,24318.25,24337.05,24300.7,24335.35,9529858
1778126100,24334.9,24346.75,24312.2,24334.15,8424248
1778126400,24334.8,24367.95,24320.15,24356.7,7346806
1778126700,24356.15,24372.55,24346.9,24354.15,6022900
1778127000,24354.8,24402.15,24354.8,24397.35,6093335
1778127300,24396.9,24401.4,24352.25,24352.25,5415115
1778127600,24352.65,24363.55,24325.65,24335.2,5795915
1778127900,24337.35,24354.15,24331.2,24342.95,7269714
1778128200,24343.0,24378.7,24340.15,24370.25,11057019
1778128500,24370.75,24374.45,24315.25,24328.3,5510920
1778128800,24329.3,24337.45,24310.0,24323.65,4587430
1778129100,24324.65,24350.8,24321.6,24349.05,5503294
1778129400,24349.4,24355.95,24344.95,24353.15,5803409
1778129700,24353.2,24368.9,24348.75,24360.3,4491570
1778130000,24361.5,24375.55,24360.35,24367.3,5010846
1778130300,24367.25,24368.25,24352.85,24364.6,3502469
1778130600,24364.75,24374.85,24358.7,24373.45,3234308
1778130900,24372.5,24379.05,24356.3,24360.45,3890444
1778131200,24359.95,24360.8,24332.45,24351.6,3623161
1778131500,24351.4,24353.05,24334.4,24340.85,3585269
1778131800,24341.0,24343.75,24330.1,24332.85,3092304
1778132100,24332.35,24336.5,24316.15,24320.0,2922043
1778132400,24320.2,24322.15,24310.05,24317.75,3741021
1778132700,24318.2,24332.25,24314.0,24318.4,3090696
1778133000,24318.35,24319.7,24293.05,24309.15,3270400
1778133300,24309.35,24309.9,24289.45,24306.45,3014382
1778133600,24306.95,24349.8,24306.35,24323.4,4292999
1778133900,24323.55,24324.5,24311.9,24313.85,3293540
1778134200,24314.8,24316.05,24288.1,24288.5,4014594
1778134500,24287.8,24308.3,24284.0,24305.65,4227550
1778134800,24305.8,24331.6,24305.7,24321.3,3534470
1778135100,24321.15,24346.85,24320.35,24340.55,3908125
1778135400,24339.7,24369.9,24339.7,24355.0,3959934
1778135700,24355.3,24367.65,24352.9,24360.25,3319708
1778136000,24360.1,24369.2,24350.15,24361.55,3087626
1778136300,24362.45,24383.65,24362.4,24365.9,3679109
1778136600,24366.3,24381.6,24364.1,24377.2,3198659
1778136900,24377.65,24381.4,24355.15,24355.15,3097054
1778137200,24355.25,24358.85,24329.7,24344.95,3473014
1778137500,24345.1,24438.4,24338.95,24436.65,8381136
1778137800,24436.8,24482.1,24436.8,24463.15,7786023
1778138100,24462.85,24471.6,24437.6,24442.8,6118366
1778138400,24442.1,24446.15,24394.55,24409.15,5016942
1778138700,24409.1,24414.75,24377.7,24388.25,3896773
1778139000,24387.65,24411.05,24386.45,24402.4,3444022
1778139300,24402.0,24420.55,24392.25,24396.35,6511001
1778139600,24395.85,24397.15,24376.9,24389.7,3787957
1778139900,24388.65,24399.5,24324.55,24350.7,4285637
1778140200,24351.05,24373.45,24339.5,24345.3,3408415
1778140500,24345.05,24359.9,24341.9,24353.35,2771139
1778140800,24353.55,24364.2,24344.0,24357.8,2896720
1778141100,24358.6,24364.15,24334.75,24334.75,5243563
1778141400,24335.3,24360.95,24331.65,24349.75,5369891
1778141700,24348.6,24359.1,24337.9,24356.55,3237575
1778142000,24355.8,24365.4,24344.1,24364.7,3467949
1778142300,24364.9,24374.8,24354.4,24368.65,3033791
1778142600,24368.05,24375.3,24344.6,24353.5,2947241
1778142900,24352.9,24374.0,24337.1,24372.65,4996719
1778143200,24372.15,24375.65,24360.15,24361.65,3440510
1778143500,24361.25,24364.5,24338.8,24342.65,3528224
1778143800,24344.0,24365.65,24333.35,24364.3,4165918
1778144100,24364.25,24381.1,24357.8,24376.9,6405531
1778144400,24376.5,24385.3,24357.85,24367.95,7072882
1778144700,24366.1,24371.75,24351.95,24351.95,3808042
1778145000,24351.6,24362.1,24334.1,24339.45,5133861
1778145300,24339.55,24351.5,24323.05,24330.25,4929355
1778145600,24330.0,24353.85,24330.0,24348.2,3111349
1778145900,24349.0,24362.7,24340.8,24352.65,4066955
1778146200,24353.1,24363.1,24323.05,24337.85,33426915
1778146500,24337.9,24345.5,24308.35,24318.55,18536589
1778146800,24317.85,24318.4,24293.4,24303.1,12383859
1778147100,24303.1,24329.7,24299.4,24328.65,12771033
1778147400,24329.0,24329.0,24315.35,24318.85,12165432
1778147700,24319.7,24339.05,24318.25,24336.4,11032469
1778211900,24233.65,24246.05,24158.15,24219.3,18711507
1778212200,24218.4,24253.8,24209.0,24215.0,8455921
1778212500,24216.4,24245.75,24210.5,24244.15,6095844
1778212800,24244.3,24244.95,24184.6,24207.15,6837272
1778213100,24209.1,24209.1,24187.55,24191.2,5234371
1778213400,24192.0,24192.3,24167.75,24167.75,5111631
1778213700,24169.05,24175.05,24138.4,24168.55,5990148
1778214000,24170.05,24183.7,24161.8,24182.25,3888654
1778214300,24183.35,24199.65,24181.15,24198.45,3570700
1778214600,24199.15,24202.85,24187.6,24194.25,3425371
1778214900,24195.8,24199.1,24193.0,24196.1,2522661
1778215200,24197.0,24213.7,24175.1,24211.3,2949557
1778215500,24213.8,24214.3,24181.25,24206.8,3324103
1778215800,24208.75,24232.25,24204.55,24231.5,3723559
1778216100,24232.5,24243.95,24226.0,24238.05,3440343
1778216400,24238.85,24242.55,24229.85,24232.3,3435060
1778216700,24232.65,24237.1,24226.35,24230.75,2516176
1778217000,24232.05,24241.3,24226.9,24232.25,2364065
1778217300,24233.65,24239.85,24222.4,24222.4,2010521
1778217600,24223.75,24223.75,24204.1,24206.35,2618348
1778217900,24207.55,24208.6,24195.95,24195.95,2463887
1778218200,24197.8,24230.7,24193.85,24225.25,3210571
1778218500,24226.6,24237.05,24221.6,24225.15,3790483
1778218800,24226.35,24233.5,24221.5,24233.0,2276082
1778219100,24234.8,24241.65,24212.45,24212.5,2509513
1778219400,24214.3,24224.15,24197.4,24205.0,2415697
1778219700,24205.95,24209.2,24195.95,24198.35,2220969
1778220000,24199.9,24210.9,24185.6,24207.5,2458808
1778220300,24209.15,24209.15,24199.5,24206.05,3132463
1778220600,24207.15,24212.95,24199.45,24199.45,2411759
1778220900,24200.6,24208.4,24195.75,24199.85,2873602
1778221200,24200.85,24209.8,24197.85,24204.3,3539198
1778221500,24205.15,24207.35,24190.2,24205.85,2404431
1778221800,24206.0,24212.0,24187.45,24200.9,2615376
1778222100,24200.9,24203.65,24177.25,24178.95,2794401
1778222400,24179.5,24188.2,24172.2,24184.2,2651389
1778222700,24185.2,24189.4,24170.05,24188.6,2736237
1778223000,24190.05,24198.2,24178.25,24185.8,4665505
1778223300,24187.05,24198.45,24185.45,24196.1,1795251
1778223600,24195.25,24196.6,24169.4,24177.6,3003458
1778223900,24177.6,24181.65,24168.85,24171.55,2666545
1778224200,24173.15,24177.65,24164.1,24164.3,1890394
1778224500,24166.0,24171.3,24150.95,24170.45,3038169
1778224800,24171.3,24175.05,24159.7,24170.9,2295806
1778225100,24172.95,24175.7,24160.45,24163.4,2276164
1778225400,24165.55,24167.9,24157.4,24158.7,4416858
1778225700,24159.45,24177.45,24157.9,24175.4,2665177
1778226000,24176.25,24178.05,24164.55,24167.0,2831254
1778226300,24169.55,24170.7,24156.9,24162.95,1898219
1778226600,24164.25,24170.7,24157.45,24166.7,2814437
1778226900,24168.7,24198.4,24165.25,24195.45,3065573
1778227200,24196.65,24202.65,24180.3,24184.4,3025679
1778227500,24186.05,24188.05,24166.5,24172.15,2002799
1778227800,24174.35,24182.25,24169.65,24170.95,2220692
1778228100,24173.35,24178.65,24170.1,24173.65,1846483
1778228400,24176.05,24176.5,24150.75,24174.7,3460084
1778228700,24174.95,24181.25,24128.35,24137.2,7039637
1778229000,24139.15,24155.25,24126.65,24145.6,6694627
1778229300,24148.45,24178.3,24145.95,24177.95,6747811
1778229600,24179.1,24179.5,24145.85,24145.85,6939035
1778229900,24147.35,24166.75,24143.5,24147.2,5773555
1778230200,24148.1,24164.2,24141.75,24147.85,6579039
1778230500,24150.4,24170.75,24149.05,24169.65,5381493
1778230800,24171.0,24207.05,24168.55,24195.45,6441847
1778231100,24196.35,24223.75,24193.5,24218.65,7177947
1778231400,24220.55,24235.85,24219.25,24231.7,6310244
1778231700,24233.55,24236.9,24220.1,24232.2,5311711
1778232000,24234.05,24240.25,24228.8,24231.0,4141832
1778232300,24232.75,24235.3,24206.6,24213.65,5940374
1778232600,24215.1,24215.1,24168.35,24170.3,8445760
1778232900,24171.1,24185.5,24169.75,24179.7,7662102
1778233200,24180.35,24189.0,24172.4,24180.85,7771856
1778233500,24180.6,24196.9,24170.5,24175.6,10276110
1778233800,24174.05,24174.95,24163.5,24170.7,11308863
1778234100,24170.55,24180.65,24169.7,24179.8,9778186
1778471100,23970.1,23986.8,23897.2,23918.75,20497640
1778471400,23919.05,23942.6,23895.55,23937.45,10195376
1778471700,23936.8,23956.3,23918.7,23953.25,7641438
1778472000,23952.2,23959.55,23917.05,23930.7,7410898
1778472300,23930.6,23931.3,23874.7,23881.8,6707680
1778472600,23881.35,23898.15,23864.1,23865.65,6250280
1778472900,23866.15,23889.85,23864.2,23885.0,6876316
1778473200,23885.35,23893.5,23870.5,23892.75,4763452
1778473500,23893.7,23899.95,23868.2,23874.25,4874290
1778473800,23874.6,23897.4,23873.25,23893.15,4342276
1778474100,23892.9,23903.7,23887.1,23899.15,3564120
1778474400,23899.6,23902.8,23887.3,23893.4,4506006
1778474700,23894.75,23896.25,23850.25,23851.25,4795333
1778475000,23850.85,23877.5,23845.3,23871.7,4332393
1778475300,23871.2,23878.3,23864.3,23869.2,4340834
1778475600,23868.45,23874.5,23860.15,23870.05,3742943
1778475900,23870.3,23874.8,23847.45,23863.15,4335731
1778476200,23862.65,23865.15,23851.6,23860.1,3041939
1778476500,23859.95,23863.35,23850.85,23860.4,3247971
1778476800,23860.15,23890.65,23859.2,23889.85,5378303
1778477100,23890.1,23892.5,23882.1,23886.95,3593483
1778477400,23887.0,23897.35,23878.55,23896.2,3860766
1778477700,23895.8,23907.3,23893.35,23903.25,3294292
1778478000,23902.9,23922.55,23902.9,23914.6,4230821
1778478300,23915.0,23921.7,23910.4,23918.3,4598421
1778478600,23918.65,23942.95,23918.2,23926.2,4532818
1778478900,23926.3,23934.95,23913.25,23927.8,4467148
1778479200,23928.2,23930.85,23907.25,23924.6,3939117
1778479500,23925.1,23936.1,23916.95,23936.1,3213420
1778479800,23936.05,23952.7,23932.9,23949.4,4031407
1778480100,23949.55,23956.9,23920.35,23921.25,4282068
1778480400,23922.1,23941.0,23921.4,23937.75,3413122
1778480700,23937.7,23939.0,23923.65,23930.9,3146895
1778481000,23931.25,23937.8,23922.5,23923.7,3129948
1778481300,23923.75,23943.95,23920.3,23939.3,4172759
1778481600,23939.3,23942.4,23930.4,23935.55,3249509
1778481900,23935.55,23942.55,23926.65,23938.0,4611326
1778482200,23938.2,23943.95,23928.85,23942.5,3252487
1778482500,23942.2,23945.05,23928.05,23929.05,3980829
1778482800,23928.9,23930.2,23908.45,23924.3,4248008
1778483100,23924.7,23933.9,23902.45,23913.1,3976022
1778483400,23913.8,23954.95,23913.7,23950.35,4190611
1778483700,23949.7,23954.65,23936.55,23940.9,2577734
1778484000,23940.95,23951.9,23932.0,23938.3,3489673
1778484300,23938.25,23951.75,23937.4,23945.55,3471445
1778484600,23945.4,23946.2,23918.3,23918.7,4072515
1778484900,23918.55,23939.2,23905.05,23939.15,4476558
1778485200,23939.2,23949.8,23932.5,23949.8,3960969
1778485500,23949.9,23950.9,23934.5,23934.95,3449830
1778485800,23935.35,23950.7,23935.35,23949.5,2661855
1778486100,23950.65,23953.3,23940.4,23946.35,2347218
1778486400,23946.1,23955.15,23943.35,23950.7,3166359
1778486700,23950.6,23988.25,23949.8,23952.1,5023359
1778487000,23952.05,23973.75,23946.35,23965.45,3091990
1778487300,23966.55,23987.55,23965.7,23979.8,3440954
1778487600,23978.85,23997.45,23975.75,23993.95,4838427
1778487900,23994.3,23997.0,23966.25,23966.45,2992587
1778488200,23966.8,23973.25,23957.95,23963.55,5130357
1778488500,23963.35,23973.5,23958.05,23958.95,2964919
1778488800,23959.15,23967.15,23943.1,23946.3,3072088
1778489100,23945.25,23954.1,23933.95,23939.75,5461551
1778489400,23939.55,23949.5,23939.15,23941.7,4657959
1778489700,23941.6,23942.9,23922.15,23931.9,4473603
1778490000,23931.95,23953.55,23926.15,23953.0,4715261
1778490300,23952.9,23957.85,23921.75,23926.1,4701533
1778490600,23925.95,23931.3,23904.2,23916.35,4156257
1778490900,23916.6,23924.35,23883.1,23889.9,8521788
1778491200,23889.95,23914.15,23888.25,23894.15,5032925
1778491500,23894.05,23896.85,23875.9,23875.9,5272179
1778491800,23878.55,23879.7,23820.9,23830.7,11216820
1778492100,23830.45,23832.7,23809.75,23817.45,10267688
1778492400,23817.7,23824.05,23801.4,23805.75,11983448
1778492700,23805.75,23820.25,23802.85,23803.8,12071476
1778493000,23803.8,23813.25,23799.1,23810.15,12539068
1778493300,23810.5,23820.35,23802.4,23820.35,11919838
1778557500,23722.6,23757.55,23689.1,23736.9,21367861
1778557800,23737.8,23737.8,23684.0,23684.2,12410234
1778558100,23685.45,23685.45,23633.1,23638.3,9738912
1778558400,23638.95,23643.75,23617.7,23634.05,8450909
1778558700,23634.65,23649.15,23620.5,23626.15,7700388
1778559000,23626.35,23657.85,23624.45,23640.65,5357756
1778559300,23640.75,23650.15,23628.85,23638.2,6040717
1778559600,23638.4,23646.7,23632.1,23638.25,6463518
1778559900,23638.55,23652.2,23624.55,23625.85,6747299
1778560200,23627.0,23635.25,23619.8,23630.2,5107456
1778560500,23630.45,23642.55,23613.55,23636.1,5187254
1778560800,23636.4,23655.4,23629.15,23651.4,5233920
1778561100,23652.05,23668.25,23647.75,23668.25,4800719
1778561400,23669.25,23675.2,23627.85,23630.3,4779018
1778561700,23631.8,23634.15,23605.05,23613.25,4059927
1778562000,23613.55,23617.05,23603.7,23607.65,5802755
1778562300,23609.2,23620.2,23596.35,23605.3,5759628
1778562600,23606.6,23638.65,23602.55,23627.55,5790237
1778562900,23628.05,23629.6,23599.3,23603.25,4448708
1778563200,23603.75,23611.15,23600.8,23605.25,3700793
1778563500,23605.85,23623.45,23602.65,23614.7,4166545
1778563800,23615.1,23615.65,23584.35,23590.6,5130880
1778564100,23590.6,23597.7,23577.85,23590.4,4932422
1778564400,23590.95,23595.1,23585.65,23589.35,4328045
1778564700,23589.6,23612.25,23585.85,23608.05,5209286
1778565000,23608.55,23613.4,23589.4,23589.6,5456808
1778565300,23590.95,23604.55,23588.7,23588.9,4563991
1778565600,23589.5,23600.2,23578.65,23597.25,4669868
1778565900,23597.4,23601.85,23579.9,23598.0,3218030
1778566200,23599.15,23607.65,23591.95,23602.7,2904748
1778566500,23603.95,23604.55,23584.35,23594.7,3909266
1778566800,23596.15,23605.8,23584.75,23600.05,3207029
1778567100,23601.8,23612.85,23595.85,23597.5,3769185
1778567400,23598.45,23599.55,23581.9,23586.3,4147701
1778567700,23587.25,23589.25,23556.15,23558.1,3070890
1778568000,23559.95,23570.0,23551.3,23557.8,3435389
1778568300,23559.5,23580.05,23555.1,23572.9,3518620
1778568600,23573.75,23575.9,23559.0,23566.5,4375460
1778568900,23567.6,23568.75,23554.7,23557.3,3186244
1778569200,23557.8,23558.95,23521.8,23522.3,4777186
1778569500,23523.4,23526.8,23508.35,23516.2,3485775
1778569800,23517.35,23532.7,23513.1,23526.15,2987005
1778570100,23527.25,23540.1,23516.4,23526.85,3822892
1778570400,23527.3,23535.0,23513.3,23513.35,2893437
1778570700,23515.2,23532.85,23514.75,23524.55,3151466
1778571000,23525.15,23533.65,23519.55,23530.6,3221562
1778571300,23531.7,23532.2,23510.85,23510.85,3745651
1778571600,23511.95,23536.8,23506.0,23536.8,4777898
1778571900,23538.05,23564.05,23536.25,23542.8,5247888
1778572200,23544.0,23545.2,23526.45,23527.55,4009444
1778572500,23528.35,23539.5,23524.25,23531.05,4735691
1778572800,23532.45,23550.2,23528.75,23529.45,3493251
1778573100,23530.45,23535.3,23511.0,23514.0,4475871
1778573400,23515.5,23518.4,23496.55,23506.8,4223585
1778573700,23510.05,23519.35,23493.45,23513.4,3837340
1778574000,23515.05,23530.85,23495.85,23495.85,4464294
1778574300,23500.05,23502.45,23489.4,23491.5,3963233
1778574600,23492.8,23496.9,23477.5,23481.5,5468474
1778574900,23484.05,23490.7,23461.4,23465.0,5010124
1778575200,23466.25,23467.95,23447.85,23457.5,4137727
1778575500,23458.75,23472.75,23452.1,23460.15,4424741
1778575800,23460.5,23492.7,23453.1,23486.25,5299581
1778576100,23487.3,23487.3,23459.25,23468.6,4177907
1778576400,23469.35,23471.3,23437.3,23438.35,5583633
1778576700,23439.2,23470.95,23434.45,23462.95,4879494
1778577000,23463.95,23472.25,23456.25,23463.6,5219012
1778577300,23464.9,23474.6,23458.45,23463.8,8569603
1778577600,23464.95,23466.4,23428.35,23433.75,8115926
1778577900,23435.35,23435.65,23413.5,23421.25,5346249
1778578200,23422.5,23423.65,23366.4,23390.9,19515453
1778578500,23393.25,23393.7,23357.25,23363.55,16239497
1778578800,23363.95,23375.7,23348.4,23354.8,15442892
1778579100,23356.0,23386.55,23355.6,23386.55,14307494
1778579400,23386.75,23391.8,23377.55,23389.75,13621861
1778579700,23391.25,23434.85,23383.55,23430.55,12279128
1778643900,23362.45,23503.8,23362.45,23405.4,20477531
1778644200,23405.45,23441.15,23379.8,23437.9,9687428
1778644500,23438.4,23439.95,23367.05,23367.05,8958355
1778644800,23367.7,23387.65,23335.7,23337.95,6556119
1778645100,23337.3,23339.35,23262.55,23276.5,7936424
1778645400,23275.5,23314.2,23264.45,23308.5,5572465
1778645700,23308.9,23327.0,23287.1,23298.75,5263532
1778646000,23299.05,23372.45,23298.6,23367.6,6761854
1778646300,23367.25,23389.7,23344.7,23372.45,5297225
1778646600,23371.15,23392.45,23354.15,23392.45,5769996
1778646900,23392.6,23426.25,23392.2,23407.4,5003780
1778647200,23407.5,23411.4,23381.25,23403.05,4450318
1778647500,23403.2,23440.55,23398.45,23436.05,5094636
1778647800,23435.8,23463.95,23435.8,23460.85,6326993
1778648100,23460.95,23477.8,23452.1,23452.45,6915183
1778648400,23452.25,23478.6,23443.35,23475.9,5416594
1778648700,23475.5,23476.55,23423.6,23429.1,4586359
1778649000,23429.85,23466.1,23429.25,23464.0,5296741
1778649300,23464.05,23472.45,23445.4,23445.6,3826851
1778649600,23445.65,23459.0,23437.3,23440.75,4462654
1778649900,23441.15,23443.15,23374.8,23374.8,4400150
1778650200,23373.9,23409.4,23368.05,23402.05,3961872
1778650500,23401.45,23404.3,23382.6,23400.45,4641193
1778650800,23400.3,23405.2,23382.95,23403.95,5454811
1778651100,23403.8,23416.45,23392.85,23409.4,3395253
1778651400,23409.25,23416.0,23392.75,23409.6,2943057
1778651700,23409.45,23410.7,23393.0,23399.0,3191721
1778652000,23399.85,23410.8,23395.7,23406.95,3114570
1778652300,23405.75,23468.5,23405.15,23468.5,4258756
1778652600,23468.6,23498.85,23466.6,23498.6,5644184
1778652900,23499.0,23509.9,23480.55,23482.55,4822086
1778653200,23481.95,23500.25,23472.85,23474.5,3345842
1778653500,23473.15,23488.9,23466.0,23466.1,3730257
1778653800,23465.45,23488.75,23465.45,23486.65,4192910
1778654100,23486.3,23499.3,23481.7,23497.7,4133999
1778654400,23496.85,23514.15,23492.6,23512.75,4247136
1778654700,23511.95,23518.7,23479.05,23497.95,4622279
1778655000,23497.15,23497.65,23483.65,23488.5,4621384
1778655300,23488.2,23495.9,23481.75,23491.0,3526410
1778655600,23489.5,23497.05,23474.4,23478.95,3362884
1778655900,23478.95,23484.25,23449.5,23465.25,5058387
1778656200,23465.0,23466.0,23423.3,23453.9,5482109
1778656500,23453.55,23469.75,23449.65,23468.45,2917712
1778656800,23468.45,23526.85,23467.65,23525.85,5528387
1778657100,23525.85,23579.6,23525.85,23577.95,6702951
1778657400,23578.1,23582.95,23549.35,23559.35,5865543
1778657700,23558.65,23561.95,23528.3,23532.45,3914845
1778658000,23532.45,23553.6,23530.1,23538.5,3961475
1778658300,23538.0,23538.95,23494.4,23505.1,3344600
1778658600,23505.15,23514.55,23495.1,23508.3,3299459
1778658900,23508.5,23512.7,23490.55,23496.75,3453674
1778659200,23492.05,23540.5,23492.05,23533.55,3570068
1778659500,23532.85,23539.15,23516.95,23535.55,2661012
1778659800,23535.9,23538.75,23520.8,23523.35,2750303
1778660100,23522.05,23535.0,23504.55,23511.75,3426571
1778660400,23510.75,23522.0,23507.1,23508.0,2665946
1778660700,23508.1,23509.6,23480.25,23499.8,3914598
1778661000,23499.85,23512.3,23481.8,23490.15,5585894
1778661300,23489.85,23513.45,23489.85,23513.0,3783177
1778661600,23512.9,23525.0,23507.65,23516.8,3235196
1778661900,23516.5,23522.4,23483.25,23483.45,3175662
1778662200,23482.35,23514.3,23469.8,23510.55,5494845
1778662500,23509.5,23516.35,23481.4,23491.35,4904059
1778662800,23491.05,23502.95,23490.2,23498.15,6902342
1778663100,23497.4,23504.4,23487.7,23500.15,5126759
1778663400,23499.7,23501.5,23465.2,23467.5,5918761
1778663700,23468.2,23484.35,23446.65,23482.85,7044485
1778664000,23482.7,23490.85,23469.55,23485.1,4297145
1778664300,23483.95,23486.65,23474.25,23479.2,4579026
1778664600,23476.75,23478.7,23416.25,23418.3,11540190
1778664900,23418.3,23425.7,23402.85,23423.95,10395777
1778665200,23423.35,23426.25,23405.0,23425.7,9934320
1778665500,23425.4,23428.25,23411.75,23412.7,10295722
1778665800,23412.55,23414.85,23394.35,23398.25,13764217
1778666100,23397.35,23436.95,23397.35,23428.7,12241167
1778730300,23530.25,23581.5,23515.6,23550.05,21677661
1778730600,23549.9,23575.65,23548.9,23569.45,11131035
1778730900,23569.7,23589.2,23564.3,23581.3,6367851
1778731200,23581.35,23586.2,23562.8,23564.3,6720660
1778731500,23565.5,23569.95,23523.85,23524.5,7103488
1778731800,23525.75,23526.3,23493.8,23496.8,7040114
1778732100,23499.0,23532.95,23490.2,23492.65,6799176
1778732400,23494.05,23502.8,23468.65,23471.45,6497094
1778732700,23473.2,23479.35,23446.7,23464.45,5731952
1778733000,23466.1,23492.6,23455.45,23482.55,4605544
1778733300,23483.8,23490.35,23459.65,23484.95,4417495
1778733600,23483.85,23496.35,23472.2,23495.8,3381033
1778733900,23496.8,23513.7,23481.35,23513.7,5442608
1778734200,23515.35,23516.25,23473.25,23494.55,4163952
1778734500,23495.95,23517.5,23491.9,23506.4,3194967
1778734800,23507.65,23519.4,23504.05,23519.05,3228962
1778735100,23520.2,23537.5,23519.4,23529.4,3921250
1778735400,23530.55,23533.25,23496.8,23497.25,3649540
1778735700,23495.6,23495.6,23436.05,23437.2,5555123
1778736000,23439.0,23480.6,23426.55,23473.0,6026250
1778736300,23473.3,23473.75,23430.45,23430.45,4091351
1778736600,23432.9,23444.15,23431.65,23435.25,3624565
1778736900,23435.95,23446.4,23427.85,23432.1,4373562
1778737200,23433.45,23461.35,23429.7,23459.15,3675167
1778737500,23459.85,23502.95,23459.0,23502.95,5788818
1778737800,23503.85,23549.25,23500.7,23543.15,5597666
1778738100,23545.7,23577.8,23514.05,23567.4,5703066
1778738400,23568.5,23610.35,23566.6,23604.65,5566353
1778738700,23605.3,23634.2,23600.9,23628.05,6051817
1778739000,23629.15,23669.45,23612.25,23668.6,7675124
1778739300,23670.7,23683.55,23645.05,23681.25,8881058
1778739600,23683.35,23702.5,23669.4,23673.75,6178554
1778739900,23675.45,23689.3,23666.9,23684.6,5243907
1778740200,23685.55,23685.55,23645.95,23650.6,5633504
1778740500,23650.6,23669.3,23645.85,23650.65,4169297
1778740800,23651.95,23668.25,23636.45,23667.4,3459337
1778741100,23667.95,23708.1,23667.2,23681.65,4795104
1778741400,23682.6,23699.1,23680.2,23696.25,3485114
1778741700,23696.25,23708.3,23688.2,23692.65,4120807
1778742000,23692.65,23701.25,23679.2,23682.7,3951404
1778742300,23682.4,23690.15,23667.45,23677.35,3642544
1778742600,23679.45,23702.9,23673.1,23701.7,4159277
1778742900,23703.35,23713.0,23684.15,23710.55,5190339
1778743200,23711.75,23711.75,23675.8,23684.95,4401793
1778743500,23686.15,23697.1,23676.65,23689.0,3133642
1778743800,23690.2,23739.65,23689.3,23738.45,4441013
1778744100,23739.45,23747.8,23721.55,23722.75,3604286
1778744400,23723.4,23726.7,23695.9,23713.55,4223045
1778744700,23715.25,23732.85,23709.65,23721.15,4306622
1778745000,23722.15,23727.3,23710.65,23710.75,5774760
1778745300,23711.9,23729.5,23709.9,23715.15,6588226
1778745600,23718.1,23739.55,23709.3,23737.85,3379207
1778745900,23741.3,23760.45,23735.75,23739.25,4572223
1778746200,23740.55,23758.6,23738.05,23752.55,4853562
1778746500,23753.8,23763.65,23735.45,23740.9,6520660
1778746800,23742.5,23753.5,23725.95,23747.85,4423613
1778747100,23749.95,23756.15,23738.2,23751.35,5361670
1778747400,23751.85,23758.5,23740.0,23751.05,3448762
1778747700,23753.7,23768.75,23745.35,23758.05,4818501
1778748000,23759.6,23765.2,23741.45,23744.55,3853032
1778748300,23746.45,23757.6,23724.4,23724.9,4028484
1778748600,23727.35,23743.45,23719.8,23740.2,3544605
1778748900,23741.5,23757.8,23740.9,23755.35,3998767
1778749200,23756.1,23777.2,23750.15,23758.85,5840791
1778749500,23760.7,23761.05,23725.95,23737.75,6380104
1778749800,23739.75,23742.6,23722.3,23730.1,5569553
1778750100,23729.85,23733.0,23693.2,23694.7,6670942
1778750400,23695.5,23716.75,23692.35,23702.4,5418277
1778750700,23702.85,23722.9,23688.25,23710.15,5397806
1778751000,23711.65,23713.25,23690.2,23706.2,9780140
1778751300,23707.65,23707.65,23670.2,23672.9,10579965
1778751600,23673.8,23691.95,23670.9,23683.8,10217369
1778751900,23683.35,23691.0,23668.15,23687.3,9655973
1778752200,23687.25,23697.25,23679.35,23696.6,9928221
1778752500,23695.75,23719.55,23688.1,23713.75,9762294
1778816700,23731.4,23774.95,23663.35,23719.1,27446242
1778817000,23718.9,23765.7,23707.3,23764.9,13189029
1778817300,23764.95,23796.95,23751.85,23787.9,10090322
1778817600,23787.3,23790.25,23748.5,23749.6,9832231
1778817900,23748.8,23772.9,23734.1,23770.8,7456911
1778818200,23770.65,23803.15,23769.6,23802.1,7254817
1778818500,23802.5,23818.0,23792.55,23795.6,6939855
1778818800,23795.15,23824.75,23791.0,23823.15,5541358
1778819100,23823.0,23837.0,23817.95,23817.95,4587417
1778819400,23819.1,23821.35,23787.7,23818.35,5374612
1778819700,23818.55,23819.25,23785.25,23787.6,4541303
1778820000,23787.5,23801.45,23781.25,23800.25,3737684
1778820300,23800.3,23815.5,23792.5,23796.4,3866893
1778820600,23796.5,23821.0,23788.75,23820.5,5102007
1778820900,23820.6,23834.15,23820.2,23828.15,5562516
1778821200,23827.85,23829.25,23805.15,23815.15,5439211
1778821500,23814.85,23822.1,23802.85,23805.75,3216598
1778821800,23806.1,23823.2,23800.95,23817.05,3678305
1778822100,23816.9,23832.05,23816.9,23827.0,3141013
1778822400,23827.4,23839.3,23822.05,23830.45,3244677
1778822700,23830.5,23834.85,23820.25,23829.55,3669245
1778823000,23829.25,23830.75,23780.75,23782.35,4977836
1778823300,23782.0,23784.45,23741.8,23742.8,4854209
1778823600,23743.05,23757.2,23732.25,23743.55,3584982
1778823900,23743.45,23751.7,23713.55,23742.65,4352594
1778824200,23742.75,23747.65,23725.25,23726.35,2978190
1778824500,23727.35,23732.85,23712.4,23712.7,3256838
1778824800,23711.4,23720.1,23677.65,23716.85,4226095
1778825100,23717.6,23728.3,23704.95,23727.0,3426504
1778825400,23727.25,23730.45,23711.8,23721.75,2840588
1778825700,23721.55,23734.45,23717.2,23726.2,4672498
1778826000,23725.75,23735.3,23718.8,23720.95,4635985
1778826300,23720.9,23727.4,23713.4,23725.55,3182791
1778826600,23725.9,23755.85,23718.75,23754.05,4412854
1778826900,23754.15,23769.6,23752.25,23755.25,3241371
1778827200,23755.25,23765.6,23747.3,23751.15,2854449
1778827500,23751.0,23755.3,23731.15,23740.05,4214229
1778827800,23740.25,23741.7,23720.7,23725.5,2337255
1778828100,23725.5,23743.2,23718.7,23720.5,3254215
1778828400,23720.7,23736.45,23715.55,23736.35,3117663
1778828700,23736.45,23747.8,23734.1,23744.3,2274121
1778829000,23743.8,23769.7,23743.8,23767.5,3200126
1778829300,23768.65,23786.95,23766.05,23783.6,4418105
1778829600,23783.85,23797.5,23777.6,23782.35,4239028
1778829900,23782.3,23790.05,23774.65,23784.65,2950785
1778830200,23784.6,23787.35,23773.15,23775.45,2607712
1778830500,23775.65,23784.4,23766.65,23775.4,3638654
1778830800,23775.15,23786.2,23775.1,23780.65,2597300
1778831100,23780.95,23785.85,23770.45,23785.85,3186287
1778831400,23785.9,23787.8,23774.05,23776.05,4019842
1778831700,23777.0,23785.2,23765.7,23776.1,2771062
1778832000,23776.05,23779.6,23758.5,23761.55,3437115
1778832300,23761.7,23770.8,23737.0,23739.7,6611577
1778832600,23740.0,23742.65,23728.0,23739.2,5065107
1778832900,23738.8,23750.65,23702.3,23711.0,5233728
1778833200,23711.5,23733.85,23699.55,23728.7,4005737
1778833500,23728.45,23734.75,23705.25,23713.55,3615143
1778833800,23712.95,23714.65,23694.45,23694.95,3633692
1778834100,23694.4,23715.0,23693.7,23713.8,4006172
1778834400,23713.55,23722.35,23704.45,23722.35,3550176
1778834700,23722.3,23726.65,23704.7,23718.1,4599966
1778835000,23717.2,23720.2,23701.6,23706.75,3726210
1778835300,23707.1,23708.5,23685.3,23695.7,3901728
1778835600,23696.95,23702.95,23676.6,23695.05,6427438
1778835900,23695.6,23703.2,23685.1,23692.55,6578437
1778836200,23693.1,23705.3,23689.65,23690.75,3899818
1778836500,23690.6,23692.25,23625.5,23625.95,7273722
1778836800,23626.05,23633.3,23610.3,23618.7,8649453
1778837100,23618.8,23658.15,23611.5,23646.1,6260619
1778837400,23643.85,23674.75,23633.8,23674.2,10525680
1778837700,23675.25,23678.35,23644.0,23647.85,10066978
1778838000,23647.2,23653.2,23640.1,23644.1,9988464
1778838300,23643.6,23645.85,23616.5,23637.15,12758754
1778838600,23638.65,23646.85,23626.0,23632.85,13054484
1778838900,23633.45,23660.75,23625.3,23659.35,10567496
1779075900,23482.2,23494.6,23371.8,23400.5,24074279
1779076200,23399.5,23413.35,23383.35,23401.5,11781012
1779076500,23402.4,23405.45,23363.05,23373.1,7464747
1779076800,23373.15,23394.95,23359.65,23388.2,7394474
1779077100,23387.9,23394.8,23347.35,23358.4,5886819
1779077400,23358.5,23383.5,23349.7,23371.05,6504777
1779077700,23370.75,23372.2,23341.25,23342.4,5483195
1779078000,23342.6,23345.1,23322.3,23325.05,5648958
1779078300,23325.35,23342.05,23317.1,23341.15,5130528
1779078600,23340.8,23364.05,23339.5,23361.05,4758952
1779078900,23361.1,23366.5,23340.3,23350.9,5495222
1779079200,23350.75,23366.4,23348.7,23362.4,5261132
1779079500,23362.3,23389.45,23353.9,23384.9,6132481
1779079800,23385.0,23389.05,23373.5,23381.9,4338785
1779080100,23382.2,23385.95,23375.5,23379.85,3411265
1779080400,23379.75,23414.4,23355.55,23413.65,4490939
1779080700,23414.05,23439.7,23412.55,23429.0,4241742
1779081000,23430.3,23433.5,23403.95,23417.2,3253414
1779081300,23417.8,23418.1,23389.6,23408.65,3373836
1779081600,23408.15,23445.3,23408.15,23443.7,3799107
1779081900,23443.55,23465.95,23442.7,23465.1,3146537
1779082200,23464.9,23471.45,23452.6,23455.25,3754151
1779082500,23455.15,23477.75,23454.75,23476.4,2987742
1779082800,23477.1,23477.75,23460.6,23470.1,3646393
1779083100,23470.2,23495.15,23465.85,23494.05,3895339
1779083400,23494.3,23518.6,23476.05,23516.2,4038848
1779083700,23516.4,23519.9,23494.2,23495.8,3153397
1779084000,23495.4,23532.8,23494.4,23528.55,3895284
1779084300,23529.25,23562.75,23524.55,23560.65,4460721
1779084600,23560.7,23561.1,23525.15,23534.25,3335989
1779084900,23534.55,23538.25,23502.8,23512.7,4182020
1779085200,23512.55,23512.9,23499.3,23499.7,2827648
1779085500,23500.1,23509.65,23473.7,23474.7,2774696
1779085800,23474.75,23485.5,23468.35,23477.9,4471080
1779086100,23477.7,23500.15,23477.7,23492.5,3655497
1779086400,23492.45,23525.65,23492.0,23524.75,4327309
1779086700,23524.15,23535.15,23513.15,23520.7,5905629
1779087000,23521.2,23537.15,23518.45,23535.95,3198301
1779087300,23536.0,23558.15,23536.0,23553.45,5052751
1779087600,23553.5,23601.2,23553.5,23593.95,5620380
1779087900,23593.1,23610.0,23591.7,23604.4,5121038
1779088200,23604.25,23608.05,23578.75,23584.75,3989143
1779088500,23585.0,23588.75,23572.65,23578.75,3554749
1779088800,23579.2,23592.1,23577.0,23589.25,3228433
1779089100,23589.5,23637.9,23589.05,23636.9,6124807
1779089400,23637.15,23661.65,23634.5,23646.35,4858437
1779089700,23645.9,23647.25,23605.25,23610.35,5180658
1779090000,23610.65,23616.45,23592.25,23615.9,4766117
1779090300,23615.5,23628.75,23613.9,23620.35,3282424
1779090600,23620.5,23627.75,23596.45,23627.7,3556409
1779090900,23628.0,23634.25,23610.1,23618.95,4043574
1779091200,23618.35,23633.5,23611.8,23621.5,3829018
1779091500,23622.15,23628.4,23606.2,23607.05,3596978
1779091800,23607.0,23630.8,23599.15,23622.4,3531184
1779092100,23622.05,23625.5,23604.05,23624.45,3867839
1779092400,23625.05,23646.35,23623.1,23642.85,3652822
1779092700,23642.5,23659.4,23634.05,23640.9,4072427
1779093000,23641.25,23652.0,23627.4,23641.3,3272685
1779093300,23642.25,23644.2,23612.65,23615.15,3349877
1779093600,23614.4,23638.1,23606.7,23624.85,4910031
1779093900,23624.9,23624.9,23599.0,23612.15,2960921
1779094200,23612.4,23619.45,23591.05,23591.05,3495780
1779094500,23590.75,23620.7,23583.85,23614.35,4959025
1779094800,23613.5,23624.25,23595.9,23597.4,4393072
1779095100,23597.8,23603.75,23586.05,23587.1,3663215
1779095400,23586.6,23611.3,23582.0,23602.95,3866942
1779095700,23603.35,23607.9,23585.75,23585.75,3490060
1779096000,23586.05,23595.5,23583.5,23592.1,3466294
1779096300,23592.65,23598.0,23581.95,23591.5,6361388
1779096600,23591.0,23695.65,23590.25,23662.7,14576276
1779096900,23662.45,23674.25,23629.1,23637.7,10368073
1779097200,23637.7,23649.8,23631.65,23634.6,8779018
1779097500,23634.25,23635.6,23619.3,23626.9,9927461
1779097800,23626.95,23658.35,23626.2,23657.3,11647754
1779098100,23657.0,23658.4,23640.05,23644.45,9156792
1779162300,23675.3,23741.0,23675.25,23734.8,19985074
1779162600,23736.45,23758.45,23719.8,23748.95,11940351
1779162900,23749.05,23765.65,23746.15,23756.9,8268683
1779163200,23759.6,23768.95,23683.55,23684.0,8257743
1779163500,23685.3,23707.7,23647.4,23706.75,7460357
1779163800,23707.35,23757.9,23707.35,23749.2,6124044
1779164100,23751.2,23751.7,23706.1,23714.15,5340981
1779164400,23716.05,23722.15,23689.35,23695.05,27238037
1779164700,23696.8,23703.8,23677.6,23678.15,4625767
1779165000,23679.0,23721.0,23678.15,23699.25,8519544
1779165300,23699.85,23730.2,23696.5,23722.8,5548427
1779165600,23723.9,23762.9,23720.9,23753.45,4955834
1779165900,23753.75,23762.6,23724.9,23725.7,4266372
1779166200,23726.5,23743.3,23724.0,23739.2,3094572
1779166500,23740.75,23756.75,23739.1,23751.05,3423986
1779166800,23752.9,23757.85,23735.75,23744.85,4768199
1779167100,23745.95,23754.05,23734.2,23753.15,4541854
1779167400,23754.0,23765.15,23743.15,23764.75,4766640
1779167700,23765.3,23774.75,23750.4,23757.45,4639146
1779168000,23758.35,23767.55,23724.9,23742.1,4631203
1779168300,23742.3,23782.3,23741.15,23771.95,4484747
1779168600,23772.1,23774.95,23744.1,23751.55,4937619
1779168900,23752.65,23752.65,23738.45,23743.85,4516662
1779169200,23743.85,23754.0,23718.1,23719.75,6602149
1779169500,23720.55,23721.55,23695.35,23708.0,5445610
1779169800,23708.0,23721.4,23698.45,23713.75,3626707
1779170100,23714.35,23728.35,23707.05,23727.85,4512810
1779170400,23728.15,23728.15,23705.05,23718.2,5217090
1779170700,23720.7,23728.5,23704.85,23724.15,4546006
1779171000,23725.25,23754.75,23721.7,23750.05,4023922
1779171300,23752.2,23763.75,23745.7,23754.4,3230395
1779171600,23755.8,23763.85,23754.2,23760.15,3827225
1779171900,23760.95,23772.75,23752.9,23754.65,4323509
1779172200,23755.6,23755.6,23733.75,23741.4,4137104
1779172500,23742.8,23747.95,23734.65,23741.45,3553521
1779172800,23742.2,23749.7,23739.8,23743.05,3625435
1779173100,23744.55,23747.55,23730.7,23744.55,3051949
1779173400,23746.3,23753.8,23727.45,23733.6,3161625
1779173700,23734.75,23755.5,23724.25,23752.4,4272713
1779174000,23753.75,23753.75,23729.55,23736.0,3750407
1779174300,23737.1,23743.2,23722.15,23740.7,3419343
1779174600,23741.65,23741.8,23726.9,23738.05,3366355
1779174900,23738.65,23743.2,23721.0,23727.6,4242223
1779175200,23729.65,23731.7,23719.3,23728.45,4825434
1779175500,23729.4,23732.15,23721.85,23723.9,2706426
1779175800,23725.25,23735.75,23711.65,23713.35,2717744
1779176100,23714.4,23729.45,23707.05,23724.75,3089184
1779176400,23724.8,23724.95,23706.1,23708.35,3011703
1779176700,23709.6,23738.85,23701.45,23728.9,3004536
1779177000,23730.1,23732.85,23721.5,23732.85,2620178
1779177300,23733.75,23733.75,23720.85,23724.85,3030214
1779177600,23726.7,23743.3,23723.65,23730.9,3736614
1779177900,23731.8,23731.8,23685.85,23709.15,5134664
1779178200,23710.35,23710.35,23694.35,23696.85,3056388
1779178500,23697.3,23716.0,23695.9,23704.5,5237268
1779178800,23705.65,23711.4,23697.35,23699.55,4029660
1779179100,23700.6,23700.6,23674.0,23689.1,4623783
1779179400,23691.35,23719.45,23684.55,23714.9,5061535
1779179700,23716.7,23719.5,23704.6,23705.35,3142194
1779180000,23705.35,23725.35,23700.7,23717.35,5131689
1779180300,23717.35,23736.55,23715.4,23716.2,4515583
1779180600,23716.2,23726.95,23699.7,23710.15,4755438
1779180900,23711.35,23718.45,23701.35,23703.15,5196180
1779181200,23704.45,23705.3,23690.2,23701.2,5107507
1779181500,23701.2,23701.65,23672.25,23682.0,5595882
1779181800,23682.05,23691.35,23649.0,23657.2,5647123
1779182100,23657.4,23657.75,23632.35,23653.0,5779833
1779182400,23653.45,23666.9,23644.55,23647.25,5827106
1779182700,23648.5,23665.45,23646.25,23655.15,6074539
1779183000,23655.4,23659.3,23623.1,23632.35,13966092
1779183300,23630.55,23642.65,23624.5,23625.6,12719589
1779183600,23625.95,23628.2,23608.0,23624.4,13501788
1779183900,23624.55,23629.2,23600.9,23609.05,13376095
1779184200,23608.2,23612.5,23592.4,23597.0,13992153
1779184500,23596.85,23607.15,23587.2,23606.2,11145521
1779248700,23457.25,23469.9,23397.3,23459.9,18821366
1779249000,23461.45,23464.85,23442.45,23458.7,9908470
1779249300,23458.4,23481.95,23453.75,23476.95,6224212
1779249600,23477.85,23524.9,23473.5,23520.15,6068765
1779249900,23521.65,23535.75,23506.1,23533.2,5821482
1779250200,23534.8,23536.9,23498.55,23524.25,5976509
1779250500,23523.25,23536.45,23511.95,23522.25,4180471
1779250800,23521.25,23541.45,23520.9,23526.55,4462661
1779251100,23526.5,23548.6,23516.5,23541.9,4169305
1779251400,23541.8,23546.65,23495.75,23503.9,5807197
1779251700,23504.6,23505.2,23486.1,23500.4,4648448
1779252000,23500.45,23512.0,23491.65,23500.55,3842580
1779252300,23500.3,23512.1,23494.6,23500.0,2930144
1779252600,23498.9,23505.1,23476.75,23478.05,3477933
1779252900,23477.95,23519.9,23475.65,23519.9,3764371
1779253200,23521.6,23567.45,23520.1,23562.1,5708372
1779253500,23562.55,23576.15,23561.65,23562.65,4122558
1779253800,23562.1,23564.8,23530.65,23532.7,3914124
1779254100,23532.95,23535.25,23503.65,23506.45,3329872
1779254400,23506.8,23546.9,23506.8,23546.3,3234072
1779254700,23546.1,23549.35,23538.6,23546.4,6386786
1779255000,23546.75,23573.2,23546.75,23564.45,4868316
1779255300,23564.15,23580.75,23562.4,23575.6,5224276
1779255600,23574.95,23582.6,23562.2,23562.2,3776706
1779255900,23561.75,23573.35,23558.3,23564.95,3604680
1779256200,23565.4,23598.15,23564.0,23582.05,3204658
1779256500,23582.4,23602.75,23582.4,23599.85,3146680
1779256800,23599.95,23608.3,23588.55,23594.5,3015434
1779257100,23595.4,23618.15,23588.5,23609.35,4405764
1779257400,23609.6,23610.8,23594.8,23605.05,3614401
1779257700,23605.3,23639.45,23604.9,23635.55,3108231
1779258000,23635.55,23640.25,23615.15,23626.9,3440953
1779258300,23626.85,23629.75,23608.15,23608.15,2782808
1779258600,23609.1,23613.65,23591.25,23592.35,2797311
1779258900,23592.65,23594.1,23577.0,23580.05,4512001
1779259200,23579.95,23587.45,23577.3,23579.95,2862339
1779259500,23580.0,23598.35,23579.5,23583.55,2447430
1779259800,23583.55,23608.45,23582.8,23601.95,2756056
1779260100,23602.55,23603.8,23581.65,23588.0,2626205
1779260400,23588.0,23596.85,23583.05,23590.55,2460990
1779260700,23590.7,23602.0,23586.9,23600.2,2251636
1779261000,23600.4,23606.45,23591.75,23602.8,4511753
1779261300,23603.4,23613.2,23598.7,23601.9,2856649
1779261600,23602.1,23611.4,23601.25,23605.95,2351028
1779261900,23606.15,23615.4,23604.7,23612.75,2900232
1779262200,23612.45,23617.05,23599.95,23602.2,3288652
1779262500,23603.25,23606.95,23588.75,23601.95,2721863
1779262800,23602.45,23612.9,23599.05,23601.4,4630819
1779263100,23601.5,23603.95,23579.75,23585.3,4216824
1779263400,23585.35,23596.8,23576.3,23583.25,3205086
1779263700,23583.5,23597.45,23561.85,23567.1,4394833
1779264000,23567.5,23598.7,23565.8,23597.05,3489545
1779264300,23597.15,23620.9,23592.1,23604.1,5069821
1779264600,23604.45,23605.9,23590.15,23595.85,2501018
1779264900,23596.4,23601.55,23590.8,23597.3,3105143
1779265200,23597.35,23605.1,23588.55,23605.1,2490568
1779265500,23604.9,23628.15,23603.0,23628.15,2673690
1779265800,23628.05,23644.65,23623.25,23630.2,3779342
1779266100,23630.1,23662.7,23626.8,23661.1,4394546
1779266400,23662.25,23664.4,23651.3,23651.95,5891962
1779266700,23652.25,23659.0,23643.1,23647.4,4022297
1779267000,23646.7,23678.95,23641.95,23674.1,4075764
1779267300,23674.15,23675.4,23655.35,23665.35,3649448
1779267600,23665.45,23675.7,23655.9,23660.9,4197814
1779267900,23660.8,23669.9,23652.6,23668.4,4663079
1779268200,23668.6,23681.55,23668.6,23677.6,3988156
1779268500,23677.75,23684.75,23673.65,23684.05,3937635
1779268800,23684.15,23688.35,23674.75,23685.1,4130044
1779269100,23684.95,23690.9,23679.1,23679.15,4309216
1779269400,23680.1,23680.75,23639.6,23643.5,8879403
1779269700,23643.75,23673.45,23641.7,23672.35,7610653
1779270000,23672.35,23675.3,23664.85,23667.9,7512610
1779270300,23667.9,23671.05,23658.55,23659.5,9094948
1779270600,23659.95,23663.1,23651.4,23658.3,10303913
1779270900,23660.65,23672.35,23654.85,23664.15,9005551
